ID,1,2,3,4,5,6,7,8,9,10,11,12,13,14,15,16,17,18,19,20,21
1,-0.7593588162676856,1.9001999453106775,3.023200745583494,-0.3549495121020838,1.6299608735007998,4.238971036652148,4.522669555328628,7.9298212905289045,5.179573787692926,6.839463007801546,6.087726998849011,4.23635150209879,8.962346333409524,10.460504115876267,9.8438346846392335,7.796988181040799,9.854534997851115,12.1946422727566,12.285415265045247,12.141455593366576,15.053924685143837
2,5.520491227759713,3.222139605480504,4.493483169799842,4.606825072458517,11.187344029696014,5.8957158345962535,15.68925542352762,7.761472442055697,7.455362997070736,9.764169673518786,6.608039670719191,10.463165657353661,7.291221916743557,8.706271758425716,11.42325112424422,6.6420844019658425,8.077838668997115,16.392388252577867,18.824580559491462,15.607905856695169,13.510547260495322
3,1.5188207145859383,1.0881255226190396,2.0516554667247107,1.8879322785446409,0.7279769320898677,1.2658498461100431,4.761613657675838,3.7453006887833276,4.5823175733908785,5.808246547148421,5.387528643676287,6.661524255613566,7.776887655836572,7.161420987112416,7.773547291704041,8.150953169657468,8.602295776541876,10.411835158861233,9.393217099360564,9.954598257676045,10.069011737885116
4,3.238966073340274,2.4101647273642928,-0.16886344686128574,5.5914017577892,1.291794655521302,3.4230192848767658,4.591968074785233,7.285152760152131,5.227770410978332,7.254611472933914,6.903585611050373,4.714247636782342,9.537970188509245,6.218282056398927,8.785519735399285,7.485626474945755,7.7102770069678765,9.068301808311928,8.595443039879015,12.41836788446046,12.42401319134898
5,0.9499852502427062,2.583944840173389,2.5762820865516387,1.386861923153132,3.223996299945199,3.279230763484282,3.3995992141396965,6.211556130144822,5.7073456171436945,3.6872738841125714,7.386464545420005,8.282713740309065,8.296528237101802,5.799408057441305,9.992220951765194,6.259632953500395,10.663297901579224,9.961459264373982,9.429954275622379,12.11973168311767,10.44428589223769
6,2.3255981918780377,7.882728651562456,2.1521304665867125,1.8918484185145479,7.376610524508157,3.5702914325192725,7.333074490565258,10.395467956541669,5.9007767643238775,5.117245852141942,10.311691076968522,6.978158383529625,3.0182453845447457,11.237160465373664,13.066777438886318,5.228464893546656,18.180661289293788,10.39088268482373,13.08557836525278,14.774196788154754,18.383521216354488
7,-0.025008174136179617,1.1379138562729407,1.8316292315565452,2.2510025676597043,3.7966551463670903,3.9492163676330194,4.433471644611311,4.628795757209578,4.901753246890316,4.933305087067789,5.22659176323183,5.5128768784384885,7.044925999366954,8.454646851190134,8.512069299307232,8.467463462159552,8.962554875533954,10.027265698129147,10.868406714566305,9.81226817669948,10.252284315796661
8,10.373487233140866,3.741616893084285,3.067372219422979,9.017080486409576,8.124483817154672,1.4819362894315553,14.515791687941707,7.5402018066119245,13.418375833105973,-0.029981339555888553,7.834615485290312,10.996776646583196,17.103718414761087,16.437802720836064,17.162126535924195,20.74366947762413,10.042367365490083,15.869132909260964,17.160839261419238,15.958463415334457,16.240493333958653
9,5.601396887088557,2.273344999541988,0.09493113199448455,2.809726608640646,5.959330068441198,3.937144736258416,6.970503250534255,8.997952373670124,11.710766939316256,12.650685504900057,6.592634938425199,4.489797855976239,7.311442821129008,5.9312363200145235,8.176044789746939,9.5689075386752,8.883064380768575,10.256764119964654,8.82598002184215,11.67043400710203,12.487120124278473
10,0.2577084023691262,0.8436199977433768,1.2581755042411418,1.9986057631003389,2.9504900363804945,3.4849496613136504,3.0338401104244603,3.3470525957249655,3.8415735869139502,4.293632452961359,4.548136320668178,5.718462668425554,6.617552989134769,7.15164039316434,6.646889430500855,8.044623110422044,8.271763531638824,9.064399531466107,9.75500111774465,9.515475978450446,10.274498820604915
11,0.6960100360523572,2.980967636956969,3.2021186111963655,3.727292359418261,3.7030459566265814,6.090560532450253,3.930596272798383,4.6860397800345055,3.253042543715214,7.576761169841215,8.542862746208202,7.58460747353768,7.144396272624518,8.327449561223876,10.183862583265588,8.382106623570197,8.21154972204719,9.552503126914411,10.447201588373902,12.154767977290211,10.542760529876103
12,3.779111489610206,7.762583498083906,5.1427683884136854,3.329384507320222,5.793606702658971,3.2353390148891625,0.0607401632681146,7.7250152149084865,5.821382487641149,2.855473707903407,5.84011137978127,10.191018262746173,7.507130028537743,6.369984594530398,8.808457715141177,9.824110762587143,12.334163404983569,13.165128790373059,10.593014846781282,17.88890377836662,9.17209057019035
13,4.729902563874411,5.395541454004928,1.1329904260685515,1.4454640954184237,2.9459895335578636,4.659455735921326,9.588992930120195,6.855839776179633,3.2813359386910164,5.734264612212217,9.33632971781505,7.442337392296365,5.53069576838884,9.773245237434587,5.935732877652862,8.94007904497613,12.169647971105595,4.539690692282245,9.13531176661145,11.694143822773253,12.605056434430713
14,5.58232166403077,5.560733907226423,0.5223706413151228,4.425481839933302,3.590214102550433,7.035692395369416,6.427873929717748,9.275672028599011,2.512508812675895,7.970947463374044,4.64386543586188,3.9759157719332343,9.934800243990267,9.389254980919537,7.229246335184093,11.900460625648574,8.877108362702266,7.516077116803484,12.060498602419505,10.421545469729715,13.73475084870445
15,0.3940885225475701,0.8748231148773337,1.2941989621066359,1.4635447302354059,2.2836636622227156,2.8048728188565435,3.420156256261983,3.701703480351996,4.373934512446823,4.835328379009807,5.082314712374397,5.601630968801836,6.286278380064037,6.933812697308624,7.353708862130394,7.858310200024439,8.072212902096442,8.119189644395279,9.368750383656513,10.092050893039648,10.392188066399248
16,2.0201461812388466,3.8904604076284173,4.009555103563449,-0.6925308179714138,1.5256695497902775,9.093882029030514,8.727445882046618,7.159696857408459,7.739038304341193,6.608363001732415,4.606052346847404,7.673696159799892,9.238385268246645,10.436685662688907,12.149953148289683,12.780083491754759,11.573122564950266,11.713815669407703,9.893025659210647,9.545915603619934,15.376455497214474
17,-0.3604957636174806,0.21607309818438147,2.323353343535751,1.5914137747215427,2.7933167841475006,2.719666690318241,3.449154666607553,6.161453263321017,3.980214363048873,3.5100174091257355,6.3126206444665796,8.19607658717418,7.971521889929001,6.938659738004313,7.302458735020967,9.743751028679643,6.436597928134988,8.68482382734798,7.707815421875382,12.189799307427236,8.885431945017295
18,0.5655908462442772,1.042580541568323,0.8388330451785041,1.6836683649048083,2.2275659369193668,2.7235455093576126,3.069996942022363,3.636919685705816,4.244255438337087,4.69161320484841,6.121077259710025,6.029579313139461,5.845905176364214,6.463867597223468,7.814035596846139,7.758844494817562,7.993395821937747,9.481175786642817,9.848977890873163,10.064005171484268,10.409713309051149
19,3.3471479067917143,3.635481956214357,2.804082086158576,1.543730267340287,6.874153360783028,4.385821969959293,8.155513618436451,4.558821699251839,5.978301322275005,7.027484796900465,5.68027736480113,10.426568324801277,9.976492177910721,9.37119010073743,9.070546740264898,8.610881626416928,11.488263373851236,10.847657342943233,12.291845419888732,11.586642230583974,12.609660756219903
20,2.1089754214992023,2.043900188708516,1.3863350369330854,2.310445106068657,2.370234053048007,1.8854051376390295,4.073064273328788,3.6264715464217883,5.364936568135091,4.7168693216933635,5.5874865863968,6.204437205300123,6.0646288425368216,6.890315483575424,7.085387577796444,7.709432373716585,8.334987082233752,10.42533801418908,8.160344135438194,11.201444310204556,11.31767630133945
21,2.821431244511788,4.473434553566827,4.74875942377569,8.383234084712146,2.9021962271560584,2.802017586276354,3.815390663092557,4.585153303392552,7.918887776680787,7.5305718111003115,7.0339219651256295,7.30741569087233,13.687143015967052,6.476887890927975,7.009478056689427,11.456552433304664,9.931554943649907,11.950042519148267,12.710761654542324,13.469958644424118,11.229085942026467
22,3.224760515326701,0.6415621507921339,2.6532228183485977,3.140841862787535,3.008771356426952,4.083299375078521,2.9777313456350734,4.585685289227578,4.030256809798191,4.7071283094339025,6.3478133257352125,6.6757449596752245,7.343410133768914,8.584777994099955,7.042334400032862,8.178566514247127,8.83498312761685,10.387209442995538,10.444686627365781,12.011813399374093,12.903465451261866
23,0.9339756870592433,2.303093396944845,2.929517415955738,2.9257257678984137,2.0306867369001917,4.034661026732021,4.900282306009103,5.767342537839466,5.072565898280471,5.738156074573822,5.9746761766334515,5.385367024906567,8.692196027547359,7.0108037913357295,7.419219070691669,9.023135416109522,9.527815653930181,8.166303855461077,10.610498505159605,11.051739674302972,11.458021776971146
24,0.4281752862967997,0.2739552098588489,0.9035080400543161,4.536204883819507,4.602940275580508,3.759164569261591,8.125425457906658,3.400004392283987,2.8024442514827776,6.141092020737554,6.301802441349653,7.995113214169676,6.277838281604915,7.276555867522944,7.99087795194043,8.430121040655242,9.796819291926793,10.643649124199694,10.903171033261893,12.127312822036105,12.34599721038751
25,1.2621394057887878,1.8980190090778548,2.482616817598023,1.1841399042786396,3.342941596499767,3.428622104874429,3.7928414104802712,3.6137128383881785,5.231639622394439,5.148578906690306,5.778330553915884,4.848109697673234,6.535252776262365,7.876231857135708,9.236516210784385,9.862955215083408,9.400736283203594,9.911044686995005,8.664165334945112,9.367305286024191,11.291373451809653
26,1.1326731333138729,1.4013050859389113,1.3371192634272808,3.0830340004631944,3.1510884534879295,3.7369533403775055,2.8183398133444753,5.375951752312247,3.985972361119526,7.655332505479536,5.258094513565011,5.906627650739048,7.210247496576912,7.38678889031336,8.483990188681549,8.983880927041948,8.372818982063219,9.323981756480187,9.663855416457242,11.501729412151287,12.632190052199642
27,-0.8125306278014607,1.7603592095175622,2.2667654095388237,3.281010835850714,3.175945741337256,1.813905398729396,6.408817136353237,5.243456776150378,4.044259313731252,5.513624074147856,5.871900507094524,8.413268664496167,7.043435281157286,7.41678551067628,7.478351103712523,8.710635900646823,8.005849769033913,9.346093918204902,11.856158391754368,10.33365157708269,9.658477196655591
28,8.577849018770872,-0.34672806197746553,-1.600975429668753,11.67854223560384,7.7876567158409635,-0.2694593638683296,6.202154776644441,4.206421103159516,6.840128319915415,10.750291842690881,10.912356639643205,17.427212995493786,16.30783147806476,10.96216345579921,13.210922463505973,14.093060297091085,14.605684684487908,4.9338224786524165,6.600793458514855,12.188173165961661,13.041776363381045
29,1.3479723920733084,2.3194060697102534,3.2840497584102186,2.90122611083064,4.007824344486848,2.8519326405646055,4.983661027907425,6.846603060686297,6.395814376858093,4.486292884702831,6.071209357052134,9.373625287515226,7.31716253843921,6.955042788953686,7.346497925072802,8.58382565104364,7.197970922390587,9.576220821985356,10.072240174654228,13.465508025491566,11.639955711181933
30,0.20039001996193048,0.563168358145732,1.30922811186758,2.103118715166466,2.2515512642903066,3.150712550117696,3.3325585614892628,4.035287573439585,4.211200823231293,4.830162935849206,4.960500939568941,6.24569132216748,6.475751577667551,7.251031112165567,7.029550070930612,7.6923052142210775,8.422558848416509,9.047975167034194,9.5917688451391,9.83905142731467,9.905361575193
31,3.397842617155665,-2.2795027878365057,2.838174758949449,1.6759198722341386,9.452256677250832,0.5133762316534858,4.194281306882487,7.50150878917458,6.981160675147566,4.8302115490430015,10.014428796388241,10.825285436181293,6.8247269310355225,8.53680192128705,6.908651546894447,4.581303188364336,14.441561303801944,9.923068159618321,13.017000004720991,14.23055688162546,13.680557931114025
32,6.275834152424483,2.6409196571785256,5.549093717880291,10.37663079871994,7.694928828290281,6.531739701026119,4.717264937335872,5.081515869997687,5.621063566061046,5.8312971694191855,6.408088542982262,10.283204587187257,8.756328411799691,7.952330181373859,16.862312044812754,12.793927753196863,16.258415648836092,6.403064562320448,4.045120183202078,12.969269387599514,15.37541951007171
33,2.3695547294393484,7.024919696846549,1.8954547192261968,-2.886856079827032,2.2671816296263057,5.594277105500123,5.931038557803779,6.915694646501075,10.972286964893911,6.880432292942593,11.60895027816866,7.02189915384975,11.435395753901844,5.619734690945995,7.604038980110298,11.316928481982984,13.139743906456617,11.530997823129487,11.677005891475975,12.812006302819038,13.043280752944492
34,1.561042052149979,-0.05686922990842458,2.120542912459828,3.6046043764467264,5.417578248333712,5.563524203751101,4.572202417680144,4.765955438508693,5.338539560531744,6.1733319351844615,7.5241807479878675,8.508443613505138,5.563614632820847,7.066701805711034,9.427966885285525,9.39953331015196,9.928396663303714,10.286644754379102,10.880559883996744,9.425846983939103,11.057906541809173
35,1.0446087394549006,3.2181253509816976,1.5237666225371258,2.6135641625345327,5.039724500996346,0.6933946461721225,4.508933949654969,4.592167003760226,5.3132695564268495,7.947408397121572,8.200304920808222,7.59408137800726,12.441327309678194,10.12537851580013,7.908995749556178,8.928315690668548,11.5310308129694,10.717504474518487,6.841922671087097,12.473793921643301,9.467428474323114
36,0.3032381186185027,0.4527065164683629,1.5902573524394388,2.110002011487456,2.833081033583838,2.7981786390512484,3.82312476790221,3.648820730977853,4.388610178527932,4.647551529921064,5.290416858220871,5.415994603945927,6.499010681075369,6.62161505483187,6.933661739093154,7.893534844309988,7.927803233597834,8.138217007875449,9.287716241335461,10.479398960907623,10.092347838092788
37,2.2085006514202994,5.518106206806779,2.2727347962073408,3.9903785461113075,7.28448742296992,7.389581958945931,7.80968289460857,11.22770937665039,3.7476759270351083,4.130222141045534,8.609142619684006,13.215666521842815,4.873071907137621,9.745567656468648,9.870542994678381,16.675693074256085,12.558093434538751,8.686798844174813,9.798170248303702,13.797648459523431,13.10763423498579
38,0.6561296704926451,0.05756260636651411,1.9224847812026629,1.645794736096811,2.51373140487742,3.4884112155697142,3.718434162467513,5.045222498839556,4.8511568305666355,4.757454465187528,5.8826027888522505,5.335154959120357,6.643844721312388,6.934464104064527,8.23335959155434,7.115649538916049,7.783926654793,9.139008868780804,9.244613627539437,9.894954069735132,10.825731119883278
39,4.848134774619361,4.267795962988147,2.2295026308962553,4.815586743370384,0.14578199683986348,9.17530081068636,4.815592847091456,3.591833962717503,5.142923950759751,9.565422495964485,9.39075153570949,9.811142598661654,11.799660233965763,10.656612551226424,9.008069739935943,11.821274352039035,11.564179560725455,10.860103491336556,12.474274570915036,14.787199302519545,11.351988729017663
40,3.0981776021175067,2.433078203629518,2.069708855401271,-0.04519464085115388,4.549468994341377,4.334511254490298,4.558639929916929,4.318947294457743,7.237255371898538,6.814675572639548,5.209712586714103,11.493211346832897,7.460698857044331,5.899421389211932,7.337554176448719,11.141461272209732,7.842753852390893,11.859971928289239,11.188664723347623,13.702819460626335,11.91657041406097
41,1.88752800551617,0.6128139097687557,4.178352181341442,1.0674299035632062,5.839370180959074,2.584881748829671,4.295544037646436,5.876236862045441,8.006815980701752,6.666806416661867,7.475396353192161,6.392401844510543,7.779791082721233,10.315128848169431,8.928491646895317,7.087848289730888,13.23998143023821,10.91244892275241,12.412550012216236,8.433351949445363,10.847483207620632
42,1.6295332966742013,0.714933599056976,1.7051648482663682,2.287098960853115,3.2142419326745406,3.396049348367534,3.2303069655980625,4.525370156210675,5.118678743537469,4.461039236422991,6.931630469411209,6.7858400535499195,7.2216584076879276,7.601786489178948,7.552102103383079,7.7148058752065625,8.621209133075034,10.282416557321007,9.941632133750712,10.150192135097644,10.661481171422839
43,0.07748128712546798,1.2431646017052085,3.366964604457571,2.483419201719662,3.3946242750266564,3.559950434562953,5.32987038590691,6.1408229656694875,4.981201719858191,5.263275282153642,4.956013028532834,7.247912436475885,9.922299061645658,5.852283313759367,7.869099328353182,10.739968180678499,10.323621007217273,12.690340766009982,11.594428244687462,13.119581089767584,10.382268866985706
44,2.8015969300739596,1.6920351127691546,2.286184411808292,1.2372607816920427,3.0453438802175707,2.3135447875453465,4.122813922515567,6.49723459712483,6.229108854293181,5.586167399597806,6.2547459777633625,5.202720432313743,6.423214592085425,7.610490769804674,8.029921446790896,9.597491255713956,8.504745145641039,9.094590827807698,8.771607601919635,10.06648662998257,11.451529519104266
45,7.022022942741655,0.9978270069638175,13.145935636075473,5.669937922038687,8.661450270007244,10.563600701581551,5.1821697030332,0.30138879327524215,8.517947064244812,13.502393647421163,9.694557947852605,13.994043952555938,10.597816057896125,1.2141269813541467,8.215887145663974,15.326953437288223,14.535490573519171,18.029006753833073,11.579763197833069,15.48743081040519,15.800205992981091
46,4.273588226133755,4.839555905322925,1.2742333550214708,3.92134477055079,1.2563294262584979,1.790904483353382,2.452486931650516,4.8490370383424954,5.353010165726744,6.648134960916148,6.364982656823716,7.957475829306112,8.787000910194704,4.929841988117186,9.006952711756254,9.892970818671834,8.875158399106644,11.60926955593647,12.277282550085065,10.974172359938665,14.752237575284408
47,0.05775502974090552,4.6375107529601545,2.105675685711974,1.7986167446388786,4.791577244105225,1.7366348302871994,4.140948839542853,7.6194938300073805,10.311065414125428,5.962762174273361,6.889195251633419,1.8900311263802942,10.407412266540005,5.1506757286832094,9.171021959478015,10.98979852289104,7.249696908232153,13.778797136273585,6.878481273000078,12.853480729484781,7.441572827696874
48,0.9901320916643233,0.4979897162253637,2.500905737728844,1.8093749093640379,2.579676563240467,2.3510266655651835,3.38464295216645,3.877933077504239,4.479813493354265,4.4783706785908635,5.3773002314016916,6.366208235618226,6.222341738422267,7.133263724940442,7.0515645693545554,7.88600847092271,8.16910498595025,9.658846980279177,9.657687913561018,10.291902509395193,10.152147034234856
49,1.692221712660896,1.7135473636094292,1.7675702382035654,1.396828243352595,3.12486289609613,5.434561270271012,4.577109313171261,5.135396423512858,3.303665560092502,6.741889619857282,6.310631936018143,7.183578858924008,7.29197060025329,9.187161387114934,9.289496681789068,9.772851468438878,10.722289723730244,9.094912285448258,9.182044835874843,11.257896462442245,13.068650468745933
50,0.2238499985407201,1.2913296472847358,1.9980557146034155,2.30194728822255,2.830925971703682,3.495927541559647,3.493327169223939,4.064229346397652,3.843557409056307,5.185296005002536,5.382364620900127,6.083345357832975,6.83362715346441,6.953482521793676,7.27505434817552,7.642240900856628,8.890817016538799,8.86080754005611,8.842800480746796,9.384725949523794,10.198963476663364
51,1.808275002078934,4.5566859319175865,5.522610612247164,5.919941100792513,4.066743931586068,4.874446026801893,3.2224387009077544,3.0494859138432533,5.230630684476504,4.284323652215918,3.567861057873955,2.9482624076864914,3.5538923019268482,4.03970388141036,5.644438132444488,4.581967963018924,2.8363359247852484,4.048568728286373,5.832490009837917,4.232986505272745,2.149508639152015
52,4.121766798986578,2.659865732767807,3.6937847476468297,3.9312085368289975,3.5926157290037906,4.221661971118901,4.005124062877991,3.1288884657004115,4.495168577239621,5.14263705092047,2.8281656362823204,3.216956650145203,3.306653324747732,2.8805501768343764,3.4852668871105172,2.924469373156361,3.3565059231690584,2.966457136157939,2.6868841661646803,5.142269869572445,3.656530792661904
53,3.1380654808737005,4.751455437798619,4.512857440435215,4.36441736548296,3.1569205594825753,3.6404449977025717,4.735050144479372,4.7711776391074014,2.759471940026801,3.547121476622972,2.680546084152919,3.4129982146024807,3.138750020153882,4.427644892092157,5.0550028585392885,3.352407075968915,3.8046547429567563,2.1049429262826442,3.317551158929612,3.5527222102700438,3.854165102672391
54,5.042269670284298,3.2200636169747456,3.399050773323935,3.406227193036658,4.073557647516981,5.354574001301955,3.1283967907601338,1.779549044296771,3.9798674133639254,4.898311301716609,4.243349122553454,3.778222841358453,3.174221427789198,2.9429293547334385,3.8147032529396925,3.837435776955312,3.101343285740807,3.4930371612807556,3.751156312859521,2.5567865633252698,4.01409739438463
55,6.058522408864051,3.7842719583089743,6.357225924068244,5.369075662316957,6.537759247547781,5.908381880729388,5.309691210527605,6.061257429159279,2.729467356003913,4.476679262673964,3.412131513843214,6.354624896209991,2.942541385269573,4.1813355088083055,1.5853660042016782,5.526625691773759,3.811391932105649,5.068716510484306,4.79910979901608,5.452042672303145,2.521195085760461
56,5.262928989944223,7.127716188966072,4.6478030530331935,0.9195787018500896,8.037098646086498,5.230005898520265,1.9231763014836543,1.5829406998510267,5.697678860795376,5.975039439378962,2.9502255542549904,6.384327582737196,4.514524649669294,2.494419664417498,5.100377039407097,3.9960168410992654,3.5342374954052427,7.2369632585762105,9.100276574406433,4.349067490287901,6.5214710527775885
57,5.387368556115285,5.184348783748581,1.7307124644892697,3.2909863381985187,8.293604621340943,9.404340068981195,9.329033923073661,10.191057439724453,11.221143332126063,8.233269519844459,3.9967447617445115,3.1603075905408335,5.622633551988368,5.301120615264727,2.667634716187577,2.007934810064492,1.1651365123394424,5.981165877560206,3.917264858738946,9.110979541093677,7.102552948112679
58,6.665256643340474,3.701247987451831,7.016682198727781,6.5406920826039965,5.159291623678683,2.142568535236574,9.24532045783046,6.724411497853622,11.271543587868507,2.5645623948789344,8.138610781476014,13.749346475443055,8.63184859890341,4.476444023330244,9.478642175158553,13.463662213435542,9.71453491154001,4.151673517775553,4.577813723849129,8.106927151269138,1.0493161841013992
59,8.081232871494247,11.397251317734376,7.428709014239094,3.2637203816916935,3.3409107736738863,3.5979973398589866,2.722688262323332,-1.3598977716434595,4.802773093389454,4.724031151759279,1.679255523618762,4.556089038536127,1.9515039976524164,5.0203921776563805,6.261966909603463,10.005194786585642,14.539729806512538,9.318377670940393,7.802100590010348,5.505652557526112,7.295499859691266
60,6.613913018896115,6.540755472865078,2.4824323381421483,2.6883637692039715,5.767408377277784,4.5438977416373225,6.64756864192068,4.878969711958929,1.4877204105410868,5.718222096278685,7.183229577233778,5.675452245033409,5.065747691817067,6.8190628099975825,6.432227286364357,4.679358122519212,3.732328015395686,1.216259608199353,6.151220265559199,4.950591947101583,6.54953761615488
61,5.267737957265606,3.0111058087332725,3.9643828610916763,5.397240670381149,6.764264860095515,3.4111727416838638,4.645180449157561,4.0513783296610315,5.754492166798758,4.289955071995484,3.4432351863848987,2.4673184320342765,5.292466202996031,4.780398374093591,2.8213439538077227,5.381538625611863,3.0048219218482908,3.7024140030173625,4.857821253251712,5.513574439905735,5.362512959323754
62,4.5148756081106916,3.2737410620655094,4.426949262605691,5.037362905081755,3.0012995879142865,4.850731744770615,3.583227550935121,4.071905787876516,4.259509246541602,3.9085979276003306,3.597513370120863,3.9876258637600457,3.9360248146444032,1.417969086934939,3.3697452913886683,5.394407835221651,4.1529170994139255,3.495078314388979,3.041423124025484,4.742277543282425,4.380780071080432
63,6.180387458097579,2.7949449336870176,3.5216348062043967,7.49324075926367,5.044178910948241,2.6869089797031545,6.082939796905745,4.457893063708272,2.6309036526789917,6.29336421137056,4.245902410986513,6.344272767764451,4.403969779723145,5.303727364411905,4.035439022291672,3.25269545649818,6.5928727917135745,5.893663752606681,1.5315645078976199,6.726706962727874,6.776625249470161
64,3.075876863948152,3.56518035958524,3.3775881796241003,2.968348992553121,2.834486079835536,3.375135889624267,3.6787781609730614,3.513833462999905,3.440609053526574,3.7019290232874833,3.1144510225806266,3.537158615354623,3.3417121877066247,3.289494070980122,3.3710672564555906,3.203342255559372,2.878197704594158,3.693797926115639,3.3382982088770903,2.988472566965992,3.2057317095701316
65,2.8058537786288946,7.923674039737259,6.08057205060758,5.349823960652167,2.0255768419832534,5.795047263851277,3.046239926046741,7.498687977873099,4.942453564162791,4.658956354541388,3.9065138450479955,2.1597528751053363,6.834387451979061,5.944248083793453,4.458780160202039,8.929806481133076,1.7447860491354228,2.79189809319528,2.443728700173434,9.056894150201389,6.738633921839996
66,4.55234929330709,4.132453873028061,2.75955009863297,2.380302626553885,3.766262179119706,5.049869571306417,3.981734602522206,4.496554702732962,3.541173080700815,4.122711005510153,4.66767385784454,4.000534972627423,3.6610738912884524,3.63996199128776,4.711568677664309,4.641378326527204,4.825422190402414,2.1222776601123474,3.9693052803886535,2.793593625046098,3.192716004164624
67,3.371251618994466,3.5414072298589954,2.6480772906371715,3.1171425970262927,3.2373135306065777,3.7542494066648704,3.638937825140252,3.654519320707969,4.8286653168509845,3.7871867022673382,2.0295172685707774,4.477768888304855,3.432371683525646,2.8845158841175573,3.549857203281575,4.142518840412235,3.978732230410575,2.733536283270109,3.2632178157922618,3.9267854357605025,4.861968168840773
68,3.089874100052979,4.734088647187508,4.183857750581345,8.733427637717664,10.02503328904395,7.638179975549343,4.997884382193418,4.687364875120376,3.6635163757951243,7.997284981856435,8.61709447594601,3.4067376717346636,5.3709766638543615,10.64954123829303,8.499083980046079,5.420333527591432,5.341579270089363,6.345411609917248,2.3509873034774595,7.1296105432313395,9.293991711587715
69,4.597241134406392,5.13809884326045,11.4406517318592,11.224007213149568,4.425216944983611,3.5710264608913094,5.127657933788505,2.6913755467907188,6.779572693021196,8.371371437371552,5.280793941349161,10.859839493895553,10.112964745861902,6.494826309117385,5.128087521854719,7.5677644641727255,9.117673157248538,3.445552734733269,5.8255438857826825,7.3090260277179,5.661461791734737
70,4.4429238667302835,4.230897371540686,3.730900829307142,4.392063555050988,4.0095862036606285,4.893502453372675,4.553403568799819,5.8282814408862516,4.557398280504544,3.47363307067595,4.729276557899361,4.306856939967107,2.67688629188817,3.519618165772148,3.238127944993327,4.077383306711648,3.642523167021655,2.0462824906724704,5.965874729663598,2.522000674752875,2.8173825083571034
71,4.938693868283629,4.3679631766223785,3.6766764037734303,5.04615059380186,6.472994466060674,4.008220204754125,3.2744985802648428,4.673724756323731,5.379140334597491,4.763505804667626,4.2244867398811055,4.866269917257684,3.8513987284316116,6.235629740601077,3.8613407107464397,5.926525093523176,5.273148856810128,3.569734950840055,6.654476450097213,4.575968538631323,6.314804886992538
72,3.7643928083140454,3.7066816417262567,3.9136620807292544,3.7079424197714084,3.0440150958249776,3.2921890981522446,3.3609638596921725,3.664206728795486,2.6478166352503356,3.555457977119008,3.400283377153765,3.3562105982509323,3.0527729610810175,3.6856315571149536,3.238212856497894,3.541154397585735,3.860171944931025,3.533075879658857,3.5663502662037563,3.0686575442375013,4.0307788195811325
73,5.061182786458538,5.0266811510220855,8.56243721958458,8.664814134189445,2.3942090174952138,5.377557825111767,2.202096286561943,5.348122527459154,7.042304850714636,7.44095249555737,4.588341585840032,2.6681436212414287,4.231187267959777,3.174320386677266,5.24283678249712,6.64587990320295,3.3986933141892344,5.661811785343825,6.009656566768592,3.053099222104086,3.99215413973001
74,8.715041110833909,6.893031895056491,7.08053872857474,5.317729581808159,9.282507153918786,6.7211591565006,-0.08477346997030288,1.4869771099924867,5.678411771621393,0.8005761757672705,8.002621313763637,2.7485993946740863,6.145390046484826,6.170788612034605,7.003508806127005,1.4155687030846158,1.8608634015045138,12.058772044743431,-5.575671934310888,7.824926590641458,5.255134681877615
75,3.146184123019864,2.6646601645548658,6.1274775607865655,6.285144294269498,2.2587793031838084,8.001560009106635,8.386327700590801,6.92724873822287,3.0334489054391747,3.1891729108659077,-0.3766866772959947,2.5751093694067535,8.888484629904324,1.1944687557692957,9.46670601351856,-0.2561434887041223,11.07690084938333,3.082261545877814,6.30405383576364,3.0896051202415,11.151604885977484
76,3.113561676512209,3.147804700775244,3.209729499601073,3.2938392460277055,3.0345423291750357,3.1221344346737747,3.103883576655339,3.0683503806042016,2.950282695805829,3.1453826986684095,2.9758618995991903,3.157553052143462,3.011897277796153,3.262035560560462,3.4035222923547988,2.9573032768510474,3.3835388507503636,3.3065309185587943,3.0106631865025935,3.3026045862537172,3.2294861634698577
77,4.025001256622744,3.7270246495743464,2.4123778149091644,3.2753727786402944,3.1324776853224234,3.4733132813051144,3.7488088322220516,3.7385646328869684,4.065031643862753,2.929198269272023,3.2926653984921033,3.374331146418094,3.4925753660313794,3.511135557956588,4.245791861928004,3.185556298880689,3.304821628781513,3.415270265753849,3.617587748605907,3.254729653828628,3.6527328165991007
78,15.841027747524727,8.52993030502961,12.689526142573774,7.245412273511165,9.83253959466413,8.266819544564754,10.817303745230314,7.458306879715139,10.407066087565175,10.404096213071366,4.816561245669549,8.541085430441708,5.1057915236041005,9.543087078623309,14.102068198056006,11.92612317547048,3.7412991703875162,8.459965177073531,12.741522764826609,9.319187348625686,6.610210873003904
79,4.299050224162414,7.423607764063814,6.793760151485681,6.235891607330155,6.328179286699906,3.5499780648106247,5.927590737528361,5.297507168401857,4.350801800004588,4.841859897690348,4.778730388045058,8.013271278286986,6.4075249912392165,5.299142277814586,6.938370637925736,3.4444120186670872,5.173836731941234,4.2202498204848515,3.4232051341453085,5.762429089131242,3.051248127936115
80,1.3831680319572035,18.59315569143034,9.99167732339738,5.995803940017446,7.30707122180482,9.138575071407104,-0.4137802087020761,3.5420816331488334,1.358842576596131,7.937318654042613,12.970666243323091,9.666798716918574,4.507175539617961,12.23076594000166,5.360450617434216,2.7481286109333602,3.9171787119565464,15.980478282647603,18.22373264690133,15.444299275157888,12.53983957281184
81,6.566268340859201,9.228042579647957,2.852695005193863,7.327884144495336,6.41677526914206,6.224187312744108,11.318586547182303,12.32331929033959,5.705490281313589,8.538964863234852,7.414500097737445,1.8373991154066465,14.351750414405725,16.017543933551895,17.422215016828254,2.4892346532749245,6.832722434804603,-0.5214100932320553,15.395779120054549,6.959594839004199,7.871284692531551
82,4.472830600335858,5.390517641284069,3.4641322388081726,3.205152823216574,4.637015110816138,3.904845048020874,4.612781959852516,2.925280624253851,2.967932031947176,3.6837061648723646,4.578948743200173,5.180195954030534,3.202020826808612,3.0609178967820876,5.18946042166349,3.1528042971315315,5.697247619118375,4.808633677060816,4.75016276831527,2.7043535809537818,3.6027871103341624
83,8.905915002246513,7.345408739609205,7.508737076180418,3.8001041120662475,5.915112935078581,4.0104490339364425,5.16455263595235,9.917807473083467,7.316965445732571,8.7288135457161,4.530139665382459,3.1933036626035474,5.17190871954597,5.649995580747259,4.024706246510605,4.139161744557196,7.07026337841016,13.241362987751742,5.465908734278305,7.161278331619874,12.931473704859268
84,2.7246384884327552,4.287451459094645,4.317091979887772,5.586437429685174,6.578895787389326,3.1403666477985364,3.866929423084138,7.118305873378239,6.235190448438187,3.671261020636452,5.748017858341516,5.711220312491987,2.4883565775552103,2.672987257970113,0.8998330959576797,4.925706850095066,4.13776282164894,5.294609401590911,2.5051531084771947,4.530762513988767,5.249823448470431
85,4.621765931246487,4.31698087162259,3.260202485025605,6.427690339318251,6.878028309188872,3.402786940956646,5.313417136738632,4.6023309845210845,5.583083820748921,5.490913683651983,0.2446992442672622,2.2631596402353136,2.4114476036954806,4.591983190311962,4.487490329837369,2.131886627580672,4.143412442748542,3.196780787652316,3.796209560896334,7.195072045806568,7.614054899533043
86,3.7506684836374924,-0.15089433384778683,5.5923773369532706,9.90176916433748,6.923990764298226,4.663543166936391,0.6546847910883322,7.501857218182992,4.308567840848946,5.7147887604032785,10.612477524300786,3.9163048344184768,14.322811015739486,5.135840149361648,2.964858321139478,2.717274520884022,7.19933006709269,1.316668227586037,3.583116145587357,-0.40761398900231516,7.636459816176454
87,4.2445382252995865,2.8574887991159588,5.322657611811335,2.179916425535226,2.6181926801431263,3.4317649290087267,4.31815725082794,4.6902848476234364,4.13854421351498,4.462440644165308,4.788181127140884,4.398633322404089,3.8454716321128344,5.4175049237314425,5.581293376400744,4.400037534757699,6.279378863379312,4.238465419575953,0.7460891475679512,4.3577490228232625,5.19317885202674
88,5.180937667308255,4.396657761531515,3.850774115829134,3.7120361500145638,2.5078258487897154,5.135880993152756,5.138630379435583,5.000341029922763,5.235959710112514,4.378274280362857,4.121000598668832,2.821037272997286,3.3248579996923615,4.073767174196789,5.376520163979147,2.6150782709635063,5.074710276918596,2.214478186340976,4.256670254753937,4.90308089442091,3.9440107375866633
89,2.6528549718450245,1.7933234311074204,4.527522580839186,3.329187138804045,3.868355861888758,3.1474374677168417,3.59154375359062,3.4393400998634682,3.342036208712062,2.6411448536375266,3.9852698366655495,5.349925597662028,3.3115563124887872,4.229921710952868,4.089858451277722,2.629566901337948,3.4024171723838648,3.893406845496912,3.505292431672167,4.624458650226384,4.199002156101487
90,4.836410849526978,2.7590681255017926,3.5087863065393683,3.2306687619994072,4.325400050576301,4.003223130447127,3.7674032950350824,5.13309338200874,5.2341421369353185,3.6398547805145434,4.140237050627603,4.082752099379884,3.913438337662555,3.745875221656583,3.8978092689161277,2.951885814376671,4.328743032454381,5.118521338282843,4.300142952185784,2.6602956778782563,4.236732068693452
91,4.671528939595268,7.441603880245166,3.9584944123340566,4.039487390006585,4.085745540903241,6.116602840331027,2.722272196492203,5.02848609471413,3.8502430123662617,2.586798697964136,3.1118854837784458,2.502443091549431,4.335874590629572,5.031607692570956,1.534329307502749,3.5901998423255916,4.201786278537324,5.715917239825469,2.978916591390719,5.986009745189674,3.2557774413583056
92,2.951891971715546,5.39046511622849,5.190141881117044,4.859350270505462,7.003978855582882,3.257321986874497,4.094568471464891,5.838639792392304,2.6509790295683118,3.6053641655980977,5.960951503628044,2.432324173289016,6.536286678619971,4.872781536909549,6.497642798733504,2.3397172362508227,6.886095928116799,1.209352379387314,5.781310088223946,4.575045557887956,7.263847815140749
93,3.3825250070324056,3.911918997099977,5.146392554641841,4.237865148210873,4.4057817897178175,3.916365806533767,6.543079126291223,2.9730286509892863,2.70154998775796,3.930385037269954,3.8472947754217066,4.32127061888928,3.8614242181379974,4.763077815150062,3.6009357179659354,4.239207296366977,4.112158173282562,2.6137845721250215,2.185257624000758,2.788007450939026,2.540792422841127
94,4.075793652187922,3.8889546556090213,4.3570722163770945,2.385229110048183,4.9668243890112675,2.4541806300643865,2.8030931053645682,4.238662476120216,3.556250912142577,3.3026263138417074,5.90577528402463,4.617135106946298,4.337341091162914,4.138824027417649,3.992614669254403,4.327250719693853,6.197799104413853,3.4185400857961628,2.8623165167782663,4.1527932484199175,4.40598672988727
95,3.3635653070570144,3.0940424700296325,3.164262214210079,3.549386396528552,3.4878674090817965,3.0578865935014194,3.261595931517377,3.760513869497479,4.102183620415316,3.446358308740761,3.4192376186632476,2.935950468529839,3.421162126481723,3.5542807002971966,2.8776029872036157,3.1649118239757783,3.5873833352504434,3.7825394462509334,3.211883055408995,3.016116249834329,2.8220540535499206
96,7.7940337141456055,6.262410156921905,3.873749398110814,3.903369141699494,1.8192148560234327,2.6631639881551683,4.451330779906715,2.917125043874397,6.0047793249245505,3.8482957262968753,2.813846543647704,3.3014256077930413,3.0783077534118126,3.8079092551911558,3.4771930166861367,5.273196317592609,4.978823416206129,2.6922426176673016,3.023699815156352,4.123860913809932,4.0234911649961
97,2.233808143911304,6.210734762538113,7.29743874008347,5.063333687824191,3.9719870494961036,2.8577079231655103,4.6190175492911285,9.010369299601242,-0.26361290485805977,3.9029968779922948,3.9048630880245274,7.288679583356055,4.567098438363335,5.775684821107826,7.215310364241249,9.85681235268974,10.09570249089901,7.52493977269674,1.962499003956288,3.070986729072848,3.6042821539325285
98,3.7674434340071294,4.2841485957429555,5.9159863199164295,5.092337913634211,1.7594772915005477,3.829331280816322,5.598709645108515,4.2603658639722255,2.973577597933114,5.071645301607685,2.9493235921366896,4.453894009957552,4.1944841176866134,3.5748009489705197,5.6662818690887775,5.363614706027327,6.16365167303224,3.6821488669248112,1.9403401458115082,4.517351423442187,5.048679106140342
99,3.434183726352357,2.8376240285310477,3.3784280894457503,2.999967363600769,3.8750899185467924,3.877814486938966,3.550485824875004,3.576135477918557,3.5009711228255522,4.061821182525351,3.9902717572137725,3.0321766081486063,3.6801691563054106,3.7891386178800133,3.691510504249536,3.5898003292689866,2.4997031303660115,3.255419575346794,3.8423632137053043,3.7458928635567297,3.59607311557212
100,3.059132162820508,3.0876659706283984,3.036874289981135,3.0309605331191336,3.0466704443931887,3.0329245841268393,3.058037386487856,3.00299586259303,3.047821978841163,3.011568369561086,3.0697304922911677,3.0855063101427493,3.0805154647152118,3.096722577349542,3.0581319740880226,3.0751908361757914,3.0828482894043785,3.1029077546912847,2.9955427590202337,3.0625971693613128,3.0278383897594625
101,10.729942647054045,12.070729032133702,8.132146515322663,9.575378978435873,8.632621736970886,8.915803923751835,8.389887089041228,10.254718970452906,7.0078974623030765,8.249341207592769,9.376119429450915,6.0411046620219135,4.011834119139383,5.0819904815285675,3.4334081919959196,5.298328127211799,4.453374506190459,2.809087654865475,1.8317316019533607,1.1815793416582805,2.5258001159657377
102,11.363441501939068,12.190657015437665,10.778839169270366,11.72786874508298,6.716715666304499,8.630935692816958,7.527199941439423,8.386222561677803,7.40129581092152,5.4206760569739405,8.05531743811656,6.6659980833297485,5.148820602397601,8.070804711851697,5.177996543262505,7.233754317458443,2.2706912397449655,2.166450939555945,2.7885197630775025,1.0246314210217917,2.7236869088235363
103,10.155393800441086,10.090493860321637,9.70030571836584,9.18992251949248,8.689734011689154,7.94999174946374,7.785632598776408,6.713767713607633,6.646013144175105,6.303372833534903,4.879421347435481,5.171669495090339,4.259539748807385,4.414706035680399,3.928254493656886,3.089778129399392,3.2449397887934848,2.041399400066492,1.7333273954159316,0.3746610899454237,0.16992464202443208
104,10.736414841639165,10.277060427588953,10.615277220592908,9.265860606594792,8.49045639906522,7.829269565997978,7.188492602688356,7.093319504681063,6.53929419662978,6.319459077616612,5.629263853472283,4.6598753944756846,5.0369902237370265,3.362469056258078,3.96140938594597,3.1441008881137202,3.538688002764538,1.9903803923778725,0.6452180962134706,1.317646044446854,0.9240486489831008
105,13.021598060425536,11.842169889752318,12.506092747719578,10.359859682147153,11.464046389822368,10.375465848741124,5.929168772147768,6.346069493637628,12.41626532818352,8.749746783629964,7.02133261912218,9.225935120410899,4.494839866933352,5.2241318575788345,5.202946986737994,4.197530321661912,5.75856095291182,4.050912895354359,3.1776753254718626,-0.30991149662675,-0.775424023674365
106,13.086010318744774,11.842833344835997,8.089524342727149,12.625551516345585,10.08461288472669,13.260651277679807,8.011780941893718,6.811135277582547,11.102231805031069,4.049465601150255,5.133228657382652,5.646780737493919,7.519677746124288,7.801436802384643,5.8797160617771755,3.92830706888217,1.2477064465887828,5.726373957443556,7.611034895119676,3.372374114066881,-2.6735203213171355
107,10.659149496876026,10.261967907352275,9.79077875905465,9.17252821185813,8.232216684558043,7.639574230861816,7.061136118721332,7.070601701749529,6.005533433056507,5.668734711356186,5.773695392862364,4.63892137901259,4.359431770750521,3.561669947093914,3.3004028628319118,3.0610812843064377,2.9091492195026643,2.2568660197358708,1.6673565972128532,0.2980875351464013,0.09488218944606186
108,10.267364962721404,11.976734355186869,11.846143714013316,8.410994366177007,9.28232816969398,10.85034659626249,7.246593983536793,8.063111786550246,7.301301506111895,5.0410100774984565,7.622803532627185,6.411460705254928,3.41977296706754,3.507948915043344,4.885844350577978,4.593211347098967,3.6361703987119833,3.2392550039614436,-0.848029905551992,1.9312957048128543,2.0344339678648082
109,14.23648787100946,8.99990964207117,12.678680397702873,7.5529459471475215,9.023220748037698,8.604243689401098,9.955030536424198,9.028296488707792,11.088696853359242,7.7835036789509555,9.397520684809018,4.845591728310348,8.632748868560878,5.582987396024349,1.5815855600230821,5.227872618531379,5.561912018549844,1.7414527778328075,4.133876274717034,1.4038659876843225,3.223439892063136
110,9.619871055738805,9.945243946567821,9.929481290771482,8.171990578028137,7.094573508348049,10.411625594454106,5.5828258529823085,8.196814365386187,8.298156288769498,3.503086592947867,8.42735020496043,4.75637388253416,6.096244292994573,7.64169055178912,6.104277741452462,4.631100793144702,1.3295678195621363,0.44650906109294564,2.1609846154438803,3.282871919644161,1.3622299294562983
111,12.676654633933245,11.306214230842455,9.236953020561147,9.881982574087322,11.031540110840663,7.862928318316668,7.89774876705297,6.897073313471886,5.755990965879185,7.01240503659163,7.8857376027560555,6.994221416209186,6.116790693162017,4.249178387773319,4.186351175959566,2.9525181774577107,4.8741435074518025,3.2226622706035624,4.26399401364543,3.1636510926109276,-0.1672775963491835
112,11.066776933969562,9.320542598610773,16.429434241652235,18.698611231725895,7.532531327468967,11.675084586763075,17.6791459418523,16.711780038916583,10.44254286647811,22.29599961846187,6.605918551881909,12.495313697051989,16.720636994647762,11.550398601387332,4.368944187539849,10.551850580314015,-1.93525546044462,-2.459402040443707,3.5925713242573845,-0.3821884931391146,1.122649146466462
113,9.522831976218889,8.167051936209521,5.546277120692119,8.621564020134802,11.718313957409848,11.20023751224853,7.956359542554262,5.862805244358123,5.0923968600734995,5.180966119215866,3.722422314489827,1.2969972905201788,5.745968496916301,1.8664710267718823,1.6877959739472104,5.696170893470015,3.7569294502206203,3.041720070671005,6.488053050482792,3.192396547172981,1.5915776379708593
114,16.21137123172569,14.131929107419284,11.666232451453443,10.916306684903232,8.484704387291579,8.03680860058525,10.241999183530229,9.12634653917468,6.6170557035632225,9.320674911680726,8.788574665353432,5.990817385630466,2.9668560867905454,3.3502259702335824,6.812337958357695,5.154758821209227,3.501894129493392,4.033662384886612,0.1841309054462963,3.6187640371263727,0.9322201986101859
115,21.565026462202276,21.318448000082007,19.74822410708361,13.624233706030664,13.080529100430581,13.958206320956451,10.522526850784999,15.672613422540273,16.282053469965035,6.571246258951206,13.767361211536175,16.636743197568677,15.38161536280827,11.84177904309415,16.283711646105772,9.816448336340708,5.298098208217469,-3.209827819788984,-2.7657754857177377,3.98388172810592,5.25156371855626
116,10.080956388490417,9.799126825653351,9.268017932377393,8.706699404040146,8.359383234623682,7.621977527984951,7.030342192909076,6.5921795805942764,6.024475587395095,5.8798738112385545,5.219127445791585,4.831664897340564,4.231561101180312,3.6169753919295324,3.5369426587004735,2.743657164849947,2.3555883375023217,1.5679250174549575,1.1709829244542076,0.8720815494217946,0.2900147255046077
117,14.314182085824891,7.141084308686769,8.587396389291047,12.191597785466225,8.938664903709174,10.231192232827585,15.187663325003086,15.034697597071826,14.038540716273523,15.31478855737322,3.769137294181694,13.626524793388679,6.0741064132693925,16.217399619826896,6.322664368007733,0.04946348541026602,11.978823840750085,-1.2749121586716,-3.7675698964828106,-2.9612333095867402,6.106287904450118
118,11.2212315056816,9.956888016612025,9.422045353897577,9.663498048711837,8.765077120620203,8.22000856619007,7.150862543836272,7.240580897256295,7.248612743306077,5.832734217439547,4.69407152232494,5.370100831317756,5.889672082521393,4.545274884550373,4.091644125985171,2.854439992935062,1.50394853889153,1.934432114572945,1.5532904320505496,1.4025972329672158,0.22381505699524185
119,10.767712685565739,10.030422044557513,9.172577289094423,8.261259879105872,8.190087962170189,8.079557781736417,7.428210248799618,7.099814117821707,6.467016637622547,6.098210830929434,5.587650494725624,5.100465032220418,4.8538795027975805,3.7639797833576747,3.48257874604589,1.9925991273547878,1.947039290630041,2.1613305543144383,1.0260448231768966,0.7508804746001227,0.03939270982851728
120,13.30094865804073,14.352904128586033,15.140046403430159,10.798395932072994,7.859797516104058,15.250582436113568,7.305398422488452,6.351127420834444,6.5728589615806285,12.855617308541126,6.70482134517979,6.669697774050861,6.430222126617696,7.08313480270898,5.019772282157369,7.99253805398336,11.897643524094995,1.9782925980804116,1.1546278192075974,8.5689940360343,7.852564956439907
121,12.058161376101438,14.218257430411901,14.200091659277843,14.89372240714329,12.942304593873695,11.463410232829379,10.764646781061108,9.609617774650694,8.951918491890188,9.968163939906686,4.314635897502378,4.09070325256494,4.005988547753032,13.16613760007165,9.123018988429589,8.36383060973448,2.2681692720400477,18.030974438462422,0.449696241175114,7.003431593644456,3.475788081011056
122,10.37387837739153,9.750861546920873,9.137422101059176,8.70672246426579,8.240519315756268,7.702555762033622,7.063165741798234,6.995287686717475,6.246311783662209,5.317235538432716,5.378741179230505,4.5161998673163595,4.546100297934792,3.5501298006687074,3.1340749182089076,2.888854271207704,2.486684750599391,1.9733434223048592,1.3000699070484387,0.4149393940378152,0.19924157777197682
123,10.658007476850502,10.918178250660006,10.301038373809046,10.867001985818733,9.222841145820537,5.5547206792655395,7.340949760090743,5.057212005207516,4.686965739946812,7.197597503712561,7.449938120101181,7.053141214689747,6.676864836426231,2.1765484356551106,5.675458477752705,1.8900497810980428,4.335719431634019,2.6482634664243583,2.07343983535946,0.3755743092071884,0.6192057857381907
124,12.637478367125757,14.574893092591891,8.357737106290278,10.79688073075691,10.387114233889319,10.819201333569254,9.841202932823128,8.483248601957895,10.205905841591443,5.781865820874519,5.817948982173393,5.152851343736875,7.7533235114469585,3.1495739822386497,3.225985318287703,3.560598379439214,3.674577948469047,5.5888213186349445,4.120309651143641,3.419558073096006,-1.3203379690211676
125,10.751866862185139,9.831482723099304,11.203010058467676,8.376227935712977,6.457229130706549,10.599874044470903,8.64898409805793,8.03002026574461,6.931862342207947,8.863696981046372,5.816311818521621,7.901336718411981,5.7709151608622165,6.548487787178772,6.306311282065689,6.372376233423543,4.672809538001307,4.881974672177529,6.257563917481529,3.510700525020561,2.046887223213952
126,8.577642856733295,10.97832726281296,8.768215782076435,9.258428645633268,11.707272723819397,8.608108995975487,6.60242699030438,5.246932025511077,4.8144226968076325,5.481856624222749,7.440028458398905,5.320361993657854,3.6911631374919898,6.741799434274932,2.9510288897712584,5.821333321879944,4.276579928493647,3.886788057104285,-0.20870451440546267,4.090911300130537,1.374956567426978
127,6.475318314495233,10.960806519943496,12.136021261654978,10.756313696999777,7.450029676396992,9.89172958862089,8.669753127850365,5.561433759052179,13.451975529349955,9.369509932295008,6.507644061567159,10.114011032205404,3.5078551687324,1.2522224094886463,7.6534206855442335,1.0027000193425515,3.6804305978602727,-0.993209130365087,4.5351345192829315,4.126424637172335,0.5612606159000264
128,11.550007632883888,10.91702255632969,8.822895504312408,13.133247311846356,6.207560713077059,7.325178810731863,12.03404727049356,10.611275066212887,7.92409179238102,5.026927405092046,8.83215493963983,5.70870432030628,6.045807518119932,9.162235654520384,7.732645601360309,1.9536346917820855,4.108364499014351,3.971901249022328,2.8698692474297847,1.6590115643256296,3.0972877586599097
129,13.289789244150818,6.838431777581198,10.048722814436017,9.752625367008818,9.370635160210814,8.91189286484947,6.830747880228392,6.533629066668851,7.695359694471545,5.241543651406754,7.951041602629161,7.748176534513653,5.760505068962767,4.9922426077082775,3.99544553488394,2.7838254331497794,4.458896376163565,2.3444038347776726,2.223099744956083,0.7973441868072235,2.487641497051942
130,11.809334449056992,7.992638386742021,11.083117752261032,6.196739474200005,11.381175537730059,9.212328148177432,11.282038382241197,11.589887272665774,12.508978990316884,11.126782791027342,8.477953332341263,1.6023128709021375,8.301390763886557,3.193239129365491,8.36113246668562,3.108913019087235,2.4433706837521374,5.27022933763422,2.1641090087104944,0.8403054532992433,2.395787369066795
131,9.780346326177629,10.484895279654374,9.8263090405699,9.155233704506443,8.550818453204908,8.467619044835876,7.4875754927848,6.762082262174229,6.487220413215866,6.611674510326557,5.76466185565937,5.3392769883947295,4.860521886165588,4.321149722626608,3.315017309474966,2.988887518980703,2.525197356259815,2.1598599994261773,1.3698870071942644,0.6875510049560909,0.6815476830374245
132,16.432661798212166,17.668808463083664,9.029979555735174,7.411518847244426,4.516424102580308,7.5434822776169685,9.433146288351118,11.987150846676714,9.684063203138695,7.75308596484364,3.944346863688218,11.685132184019672,12.415269914980879,1.4856747022462162,9.181778260922723,9.598243623449978,3.4871336844794145,3.9615813084912492,3.167213021581471,0.10066419259839421,5.766959933012799
133,13.866782795513322,11.42462627026674,14.95140124994875,9.740403454977368,4.526319397476285,11.295901186793209,8.630839118286385,7.774610816669778,10.589119144293681,6.7461423941503735,9.836670732523121,6.269803077416082,4.01874588015607,10.384705780748996,7.973291241964064,4.9763885319099606,0.5972078465602824,2.780151988454727,1.65677449464691,3.1223601585794123,2.917446821770794
134,10.141873001590833,9.542790746667157,9.550810876477396,9.286465132702252,8.637989787587589,8.283216994290914,8.251367687040073,7.3651156168734975,6.193840963922247,5.666976670676351,6.388312393525787,5.1120064561492855,4.681740695448108,3.9261228225752465,3.0900024008539213,3.675533087409725,1.891550732482773,1.152653459830142,1.9396496086739998,0.543407174344187,1.4713141785874235
135,13.27948834082893,9.539184072506346,12.060448091612265,16.088856162932238,12.133623424053512,8.026919435410038,9.687525800688075,6.029495818912073,10.067161849219387,7.833844765962579,11.674397659828395,9.770940611838947,1.5258658534298286,6.099623962122289,11.992087832068439,1.3183485359690934,11.090345828278723,5.835935263647709,4.288252025789859,5.420964176142642,10.318425579711015
136,11.889475618546228,8.921703264347075,11.766440974548624,10.342773450222818,10.007081391752385,8.355489499637285,11.331242275369643,8.82649976806451,8.528017223308442,5.982062436233252,4.741677699248402,5.636203073101881,5.204886246626346,3.7786060046390895,3.2465497593903834,2.344557102429632,4.836462587449584,2.9961834268321312,3.978023674224913,2.4348707860999013,0.9740522685950672
137,10.763706072269759,10.130288828459209,8.796403206093224,8.478961277654607,9.34510627606967,8.271402358928507,7.067396768717777,7.275519421816106,6.3648781450398735,6.212079422905434,5.054888635770059,4.735571738738637,3.8007248563156324,3.5611904626959525,3.0854852155354924,3.1167384844195176,2.233661466675437,1.896469345763072,1.7591354878772414,0.8054293178162979,0.49126651844424923
138,15.633573718890636,28.99142754669429,21.226107371204957,4.731636193729306,12.933341931967433,28.585234754190573,21.57737897696326,14.304346103920535,18.97586234746569,13.04365956981456,17.153017576821057,22.256316801961987,21.88640893911401,5.938505138321247,8.893085260662032,-0.44670527956956185,14.23732837299022,9.462986996401634,18.075158336602176,5.38818764224742,-6.195926442731583
139,10.012039793170151,9.809506592016998,9.179204382132237,8.561597242257784,8.036781144505598,7.592340057551424,6.999245643078627,6.593931302399706,6.230000889977223,5.436000019270979,5.221265498650926,4.488491056358208,4.2864884183892205,3.563495400773935,2.8887103015630027,2.7097870747938817,1.9791666471871312,1.6423585616361838,1.135034415190061,0.6134064214906991,0.023593514074684657
140,10.600125793748216,13.479752146743586,9.16816179185382,10.275817102020685,11.827003144576013,9.000232017091783,8.230307672230843,7.950463397594131,5.622819494634418,6.849024671958375,7.430554922995155,5.143060562512473,6.036492094700963,5.381351685160548,3.066865552584358,3.03441734292075,3.0723930788611313,3.9736753081559306,2.553799812760921,2.270095532687301,1.1388078060569098
141,10.852841791077806,9.966118075468573,10.085573150174366,8.095821551968426,10.346962674352653,8.538358711397468,8.57521126043942,7.65927746263633,8.503963106951645,5.63302195525822,5.939875244251579,5.540427181618884,5.80547493970942,5.154777626746438,4.841888807516556,2.8853682251652133,3.0623848296620197,2.186550932382749,1.2368110730010387,1.548881307348494,0.24535610659663076
142,15.36567645066733,13.88739265268859,11.276201327838233,13.806267263438144,12.353294253236964,14.635063986780738,12.376871539361083,7.5610179543670375,8.084181965555352,6.635316438723712,7.755483801176524,4.323080507197742,6.379560866820032,5.520911910692606,6.247468475013576,5.597085053655483,7.680943601508529,0.86563141123656,2.6604127476846076,3.345729873679484,4.875770927721195
143,17.94134216604712,11.747051156781794,13.818576382741314,11.080931490368346,17.068044042737668,17.117696176030304,9.502406043834295,13.032886247371305,8.051590486774533,10.002975123657045,6.217430643274661,11.628493564729556,7.074851982754174,10.042450434960703,5.461870044078833,8.146630948128648,1.24079643096597,4.692167786899441,8.354272943354166,4.294808322497251,5.420363352747229
144,9.97269960204325,9.632654041606001,9.112483517070002,8.706323119877144,8.17028598888072,7.3844314563139255,7.239083886856087,6.650220738518708,6.26178710323398,5.560365419617385,5.015565150517258,4.492613021635447,3.8908740323523916,3.879642570832319,2.868323579581804,2.7961243657016115,1.9168074483329045,1.5226944685491055,1.4046708431050994,0.43211766818650155,0.017684162592779717
145,10.787752119578382,10.49289942584598,10.797104255111956,9.080025415764842,8.331280751324847,9.02342257703404,7.521105315796867,8.599639051011458,6.145716958773233,6.299707708009727,5.357124849578954,5.922329955760225,4.3128448287764005,4.231457590864043,3.5115386076158077,2.1963362509042845,2.783666447163888,1.7169287671691715,3.0446910130182614,2.7282697085983325,1.3263582256546411
146,14.296984801398079,11.483893161796423,12.49835600241849,8.201242666265276,11.59107279877941,7.0289747413122745,9.156771507637893,9.841773481564108,7.717043866678936,6.703106865112991,14.501555540652436,3.065882084941726,2.66189961963856,7.37727259892336,8.917582914671577,6.481308805894914,4.955150330990268,5.379629047962535,1.8856668824807268,6.9538947679920815,0.8165273588596369
147,11.150323989696727,10.537652087363815,10.706484772918714,10.558541757519361,8.747886287209985,8.808800973513872,8.356576036232633,7.628548764068365,6.935816018883661,5.8204683628040526,6.306269779124247,5.557323772080174,5.254537898659246,4.993267374311224,4.7441629028813415,2.525716026978068,3.2060347677389784,2.9758380749951954,3.638408070751461,4.084238622526668,1.8358630392239614
148,10.507584195753065,12.055762977033073,9.495704445185984,9.01116018256902,5.24890684451725,8.33173504790243,7.887605065001367,10.100171170493486,6.158925316221023,9.356478797819252,4.80205304238126,4.627833798635976,3.254772127863091,8.89986456722918,7.532260321687576,11.916104675918344,3.903796173273924,2.392189468015316,3.4947746409887253,5.779899114940324,6.682717465270191
149,20.805345609717797,13.29220691170624,16.360668725382208,18.45251752895653,14.835981229603409,7.154975162842864,9.4690195463138,13.843950632695616,16.281233867752874,16.37659826712375,9.853006420444398,11.410395273735611,9.027113990455897,7.167651029479406,18.050676432278408,8.813547817224991,2.6610965996314437,9.047577488882123,8.441327187817652,9.423987875337868,-1.659625552267248
150,10.62949576299341,10.32499402319335,9.2087043819036,8.97057808983793,8.215006080745825,7.83317321029794,7.296500159296961,7.0066724175556665,6.142189750666105,5.558346946775971,5.237371942347441,4.595645376467433,4.630477578911782,3.8672421950339464,3.0004130018043806,3.032141095031807,2.3545846831747106,1.695842090513869,1.3798098337579587,0.3523338909963555,0.4964755718407323
